{"name":"DataStoreLight","className":"DataModel","filePaths":["default.project.json"],"children":[{"name":"ReplicatedStorage","className":"ReplicatedStorage","children":[{"name":"_Index","className":"Folder","children":[{"name":"caveful-games_rbxzstd@0.1.0","className":"Folder","children":[{"name":"rbxzstd","className":"ModuleScript","filePaths":["Packages\\_Index\\caveful-games_rbxzstd@0.1.0\\rbxzstd\\init.lua"],"children":[{"name":"json","className":"ModuleScript","filePaths":["Packages\\_Index\\caveful-games_rbxzstd@0.1.0\\rbxzstd\\json.lua"]},{"name":"wally","className":"ModuleScript","filePaths":["Packages\\_Index\\caveful-games_rbxzstd@0.1.0\\rbxzstd\\wally.toml"]}]}]},{"name":"cipharius_msgpack-luau@0.3.0","className":"Folder","children":[{"name":"msgpack-luau","className":"ModuleScript","filePaths":["Packages\\_Index\\cipharius_msgpack-luau@0.3.0\\msgpack-luau\\src/msgpack.lua","Packages\\_Index\\cipharius_msgpack-luau@0.3.0\\msgpack-luau\\default.project.json"]}]},{"name":"dekkonot_base91@1.1.0","className":"Folder","children":[{"name":"base91","className":"ModuleScript","filePaths":["Packages\\_Index\\dekkonot_base91@1.1.0\\base91\\src\\init.lua","Packages\\_Index\\dekkonot_base91@1.1.0\\base91\\default.project.json"]}]}]},{"name":"base91","className":"ModuleScript","filePaths":["Packages\\base91.lua"]},{"name":"msgpack-luau","className":"ModuleScript","filePaths":["Packages\\msgpack-luau.lua"]},{"name":"rbxzstd","className":"ModuleScript","filePaths":["Packages\\rbxzstd.lua"]}]},{"name":"ServerScriptService","className":"ServerScriptService","children":[{"name":"DataStoreLight","className":"ModuleScript","filePaths":["server\\DataStoreLight.lua"]},{"name":"test","className":"Script","filePaths":["server\\test.server.lua"]}]}]}